--
-- PostgreSQL database dump
--

\restrict odSQAcmIF8ckDuc5yWvogD5NutpuYIUEGiONvVUzqHxf955ZeN9KR9LuSGO95hv

-- Dumped from database version 18.3 (Debian 18.3-1.pgdg13+1)
-- Dumped by pg_dump version 18.3 (Debian 18.3-1.pgdg13+1)

SET statement_timeout = 0;
SET lock_timeout = 0;
SET idle_in_transaction_session_timeout = 0;
SET transaction_timeout = 0;
SET client_encoding = 'UTF8';
SET standard_conforming_strings = on;
SELECT pg_catalog.set_config('search_path', '', false);
SET check_function_bodies = false;
SET xmloption = content;
SET client_min_messages = warning;
SET row_security = off;

SET default_tablespace = '';

SET default_table_access_method = heap;

--
-- Name: positions; Type: TABLE; Schema: public; Owner: user
--

CREATE TABLE public.positions (
    id bigint NOT NULL,
    title character varying(255) NOT NULL
);


ALTER TABLE public.positions OWNER TO "user";

--
-- Name: positions_id_seq; Type: SEQUENCE; Schema: public; Owner: user
--

ALTER TABLE public.positions ALTER COLUMN id ADD GENERATED BY DEFAULT AS IDENTITY (
    SEQUENCE NAME public.positions_id_seq
    START WITH 1
    INCREMENT BY 1
    NO MINVALUE
    NO MAXVALUE
    CACHE 1
);


--
-- Name: projects; Type: TABLE; Schema: public; Owner: user
--

CREATE TABLE public.projects (
    id bigint NOT NULL,
    budget numeric(38,2),
    description character varying(255),
    end_date date,
    name character varying(255) NOT NULL,
    start_date date,
    status character varying(255) NOT NULL,
    CONSTRAINT projects_status_check CHECK (((status)::text = ANY (ARRAY[('DRAFT'::character varying)::text, ('PLANNING'::character varying)::text, ('ACTIVE'::character varying)::text, ('ON_HOLD'::character varying)::text, ('COMPLETED'::character varying)::text, ('CANCELLED'::character varying)::text])))
);


ALTER TABLE public.projects OWNER TO "user";

--
-- Name: projects_id_seq; Type: SEQUENCE; Schema: public; Owner: user
--

ALTER TABLE public.projects ALTER COLUMN id ADD GENERATED BY DEFAULT AS IDENTITY (
    SEQUENCE NAME public.projects_id_seq
    START WITH 1
    INCREMENT BY 1
    NO MINVALUE
    NO MAXVALUE
    CACHE 1
);


--
-- Name: roles; Type: TABLE; Schema: public; Owner: user
--

CREATE TABLE public.roles (
    id integer NOT NULL,
    label character varying(255),
    name character varying(255) NOT NULL
);


ALTER TABLE public.roles OWNER TO "user";

--
-- Name: roles_seq; Type: SEQUENCE; Schema: public; Owner: user
--

CREATE SEQUENCE public.roles_seq
    START WITH 1
    INCREMENT BY 50
    NO MINVALUE
    NO MAXVALUE
    CACHE 1;


ALTER SEQUENCE public.roles_seq OWNER TO "user";

--
-- Name: task_comment; Type: TABLE; Schema: public; Owner: user
--

CREATE TABLE public.task_comment (
    id bigint NOT NULL,
    created_at timestamp(6) without time zone,
    text character varying(255),
    task_id bigint,
    user_id bigint
);


ALTER TABLE public.task_comment OWNER TO "user";

--
-- Name: task_comment_id_seq; Type: SEQUENCE; Schema: public; Owner: user
--

ALTER TABLE public.task_comment ALTER COLUMN id ADD GENERATED BY DEFAULT AS IDENTITY (
    SEQUENCE NAME public.task_comment_id_seq
    START WITH 1
    INCREMENT BY 1
    NO MINVALUE
    NO MAXVALUE
    CACHE 1
);


--
-- Name: tasks; Type: TABLE; Schema: public; Owner: user
--

CREATE TABLE public.tasks (
    id bigint NOT NULL,
    deadline date,
    description character varying(255),
    priority character varying(255),
    status character varying(255) NOT NULL,
    title character varying(255) NOT NULL,
    assignee_id bigint,
    project_id bigint NOT NULL,
    CONSTRAINT tasks_status_check CHECK (((status)::text = ANY (ARRAY[('NEW'::character varying)::text, ('IN_PROGRESS'::character varying)::text, ('DONE'::character varying)::text, ('STALLED'::character varying)::text])))
);


ALTER TABLE public.tasks OWNER TO "user";

--
-- Name: tasks_id_seq; Type: SEQUENCE; Schema: public; Owner: user
--

ALTER TABLE public.tasks ALTER COLUMN id ADD GENERATED BY DEFAULT AS IDENTITY (
    SEQUENCE NAME public.tasks_id_seq
    START WITH 1
    INCREMENT BY 1
    NO MINVALUE
    NO MAXVALUE
    CACHE 1
);


--
-- Name: time_entries; Type: TABLE; Schema: public; Owner: user
--

CREATE TABLE public.time_entries (
    id bigint NOT NULL,
    hours numeric(38,2),
    work_date date,
    task_id bigint NOT NULL
);


ALTER TABLE public.time_entries OWNER TO "user";

--
-- Name: time_entries_id_seq; Type: SEQUENCE; Schema: public; Owner: user
--

ALTER TABLE public.time_entries ALTER COLUMN id ADD GENERATED BY DEFAULT AS IDENTITY (
    SEQUENCE NAME public.time_entries_id_seq
    START WITH 1
    INCREMENT BY 1
    NO MINVALUE
    NO MAXVALUE
    CACHE 1
);


--
-- Name: user_positions; Type: TABLE; Schema: public; Owner: user
--

CREATE TABLE public.user_positions (
    user_id bigint NOT NULL,
    position_id bigint NOT NULL
);


ALTER TABLE public.user_positions OWNER TO "user";

--
-- Name: user_roles; Type: TABLE; Schema: public; Owner: user
--

CREATE TABLE public.user_roles (
    user_id bigint NOT NULL,
    role_id integer NOT NULL
);


ALTER TABLE public.user_roles OWNER TO "user";

--
-- Name: users; Type: TABLE; Schema: public; Owner: user
--

CREATE TABLE public.users (
    id bigint NOT NULL,
    active boolean NOT NULL,
    email character varying(255),
    lastname character varying(255),
    name character varying(255),
    password character varying(255),
    username character varying(255),
    assignee_id bigint
);


ALTER TABLE public.users OWNER TO "user";

--
-- Name: users_seq; Type: SEQUENCE; Schema: public; Owner: user
--

CREATE SEQUENCE public.users_seq
    START WITH 1
    INCREMENT BY 50
    NO MINVALUE
    NO MAXVALUE
    CACHE 1;


ALTER SEQUENCE public.users_seq OWNER TO "user";

--
-- Data for Name: positions; Type: TABLE DATA; Schema: public; Owner: user
--

COPY public.positions (id, title) FROM stdin;
1	Разработчик
2	Frontend-разработчик
3	Backend-разработчик
4	UI/UX-дизайнер
5	Системный аналитик
6	Администратор
\.


--
-- Data for Name: projects; Type: TABLE DATA; Schema: public; Owner: user
--

COPY public.projects (id, budget, description, end_date, name, start_date, status) FROM stdin;
1	350000.00	Лендинг + CRM для записи пациентов	2026-04-30	Сайт для клиники "Здоровье"	2026-01-15	ACTIVE
2	890000.00	MVP для iOS и Android	2026-06-15	Мобильное приложение для доставки	2026-02-01	ACTIVE
3	210000.00	Обмен данными между внутренней системой и 1С	2026-03-20	Интеграция с 1С	2025-11-10	COMPLETED
4	420000.00	Корпоративный трекер для команды разработки	2026-07-01	Внутренняя система учёта задач	2026-03-01	PLANNING
5	180000.00	Построение дашбордов в Power BI	2026-05-10	Анализ данных клиентов	2026-02-10	ON_HOLD
6	\N	Первый	\N	Первый	\N	DRAFT
\.


--
-- Data for Name: roles; Type: TABLE DATA; Schema: public; Owner: user
--

COPY public.roles (id, label, name) FROM stdin;
1	Администратор	ADMIN
2	Менеджер	MANAGER
3	Разработчик	DEVELOPER
4	HR	HR
5	Дизайнер	DESIGNER
\.


--
-- Data for Name: task_comment; Type: TABLE DATA; Schema: public; Owner: user
--

COPY public.task_comment (id, created_at, text, task_id, user_id) FROM stdin;
14	2026-05-12 16:17:32.615712	Коммент	29	1
15	2026-05-12 16:31:49.146797	завершил 	29	1
\.


--
-- Data for Name: tasks; Type: TABLE DATA; Schema: public; Owner: user
--

COPY public.tasks (id, deadline, description, priority, status, title, assignee_id, project_id) FROM stdin;
14	2026-02-28	Выгрузка за 2025 год	HIGH	IN_PROGRESS	Собрать исходные данные из CRM	\N	5
15	\N	Связи, меры, визуализация	MEDIUM	STALLED	Построить модель в Power BI	\N	5
17	\N	Figma, утвердить с заказчиком	\N	DONE	Создать макет главной страницы	\N	1
19	\N	1C + Java-сервис	\N	IN_PROGRESS	Написать обработчик выгрузки	6	3
21	\N	Spring Boot vs Node.js	\N	NEW	Выбрать стек технологий	1	4
20	\N	Figma, утвердить с заказчиком	\N	STALLED	Создать макет главной страницы	1	1
30	\N	второй таск	\N	DONE	второй таск	8	6
29	\N	Для первого	\N	DONE	Для первого	3	6
\.


--
-- Data for Name: time_entries; Type: TABLE DATA; Schema: public; Owner: user
--

COPY public.time_entries (id, hours, work_date, task_id) FROM stdin;
23	5.00	2026-02-15	14
24	3.00	2026-02-18	14
25	2.50	2026-02-20	14
26	1.50	2026-02-22	14
27	4.00	2026-02-10	15
28	3.00	2026-02-12	15
29	2.00	2026-02-14	15
30	1.00	2026-02-16	15
32	22.00	2026-05-12	29
\.


--
-- Data for Name: user_positions; Type: TABLE DATA; Schema: public; Owner: user
--

COPY public.user_positions (user_id, position_id) FROM stdin;
3	3
6	2
6	3
8	3
1	6
\.


--
-- Data for Name: user_roles; Type: TABLE DATA; Schema: public; Owner: user
--

COPY public.user_roles (user_id, role_id) FROM stdin;
1	1
1	5
\.


--
-- Data for Name: users; Type: TABLE DATA; Schema: public; Owner: user
--

COPY public.users (id, active, email, lastname, name, password, username, assignee_id) FROM stdin;
8	t	user7@example.com	Сергеев	Сергей	$2a$10$DiL2f3wCzPO4lW5yX8zZ.Uk9sT0vR1xY2aA3bB4cC5dD6eE7fF8gG	user7	\N
6	t	user5@example.com	Айратов	Айрат	$2a$10$BgJ0d1uAzNM2jU3wV6xX.Si7qR8tP9vW0yZ1aA2bB3cC4dD5eE6fF	user5	\N
3	t	user2@example.com	Илгамов	Илгам	$2a$10$YdG7a8rXwKJ9gR0tS3uU.Pf4nO5qM6sT7vW8xZ9yA0bB1cC2dD3eE	user2	\N
1	t	admin@hwru.ru	Исаеков	Ильдар	$2a$10$sAGzUxULTb9TmQLG6WXe..7f0JV28afZJmBkc0mNRE6UyONe5kU0u	admin	\N
\.


--
-- Name: positions_id_seq; Type: SEQUENCE SET; Schema: public; Owner: user
--

SELECT pg_catalog.setval('public.positions_id_seq', 1, false);


--
-- Name: projects_id_seq; Type: SEQUENCE SET; Schema: public; Owner: user
--

SELECT pg_catalog.setval('public.projects_id_seq', 5, true);


--
-- Name: roles_seq; Type: SEQUENCE SET; Schema: public; Owner: user
--

SELECT pg_catalog.setval('public.roles_seq', 51, true);


--
-- Name: task_comment_id_seq; Type: SEQUENCE SET; Schema: public; Owner: user
--

SELECT pg_catalog.setval('public.task_comment_id_seq', 6, true);


--
-- Name: tasks_id_seq; Type: SEQUENCE SET; Schema: public; Owner: user
--

SELECT pg_catalog.setval('public.tasks_id_seq', 19, true);


--
-- Name: time_entries_id_seq; Type: SEQUENCE SET; Schema: public; Owner: user
--

SELECT pg_catalog.setval('public.time_entries_id_seq', 30, true);


--
-- Name: users_seq; Type: SEQUENCE SET; Schema: public; Owner: user
--

SELECT pg_catalog.setval('public.users_seq', 1, true);


--
-- Name: positions positions_pkey; Type: CONSTRAINT; Schema: public; Owner: user
--

ALTER TABLE ONLY public.positions
    ADD CONSTRAINT positions_pkey PRIMARY KEY (id);


--
-- Name: projects projects_pkey; Type: CONSTRAINT; Schema: public; Owner: user
--

ALTER TABLE ONLY public.projects
    ADD CONSTRAINT projects_pkey PRIMARY KEY (id);


--
-- Name: roles roles_pkey; Type: CONSTRAINT; Schema: public; Owner: user
--

ALTER TABLE ONLY public.roles
    ADD CONSTRAINT roles_pkey PRIMARY KEY (id);


--
-- Name: task_comment task_comment_pkey; Type: CONSTRAINT; Schema: public; Owner: user
--

ALTER TABLE ONLY public.task_comment
    ADD CONSTRAINT task_comment_pkey PRIMARY KEY (id);


--
-- Name: tasks tasks_pkey; Type: CONSTRAINT; Schema: public; Owner: user
--

ALTER TABLE ONLY public.tasks
    ADD CONSTRAINT tasks_pkey PRIMARY KEY (id);


--
-- Name: time_entries time_entries_pkey; Type: CONSTRAINT; Schema: public; Owner: user
--

ALTER TABLE ONLY public.time_entries
    ADD CONSTRAINT time_entries_pkey PRIMARY KEY (id);


--
-- Name: positions uka43ripgiua3gemywbgdqmokc4; Type: CONSTRAINT; Schema: public; Owner: user
--

ALTER TABLE ONLY public.positions
    ADD CONSTRAINT uka43ripgiua3gemywbgdqmokc4 UNIQUE (title);


--
-- Name: roles ukofx66keruapi6vyqpv6f2or37; Type: CONSTRAINT; Schema: public; Owner: user
--

ALTER TABLE ONLY public.roles
    ADD CONSTRAINT ukofx66keruapi6vyqpv6f2or37 UNIQUE (name);


--
-- Name: user_positions user_positions_pkey; Type: CONSTRAINT; Schema: public; Owner: user
--

ALTER TABLE ONLY public.user_positions
    ADD CONSTRAINT user_positions_pkey PRIMARY KEY (user_id, position_id);


--
-- Name: user_roles user_roles_pkey; Type: CONSTRAINT; Schema: public; Owner: user
--

ALTER TABLE ONLY public.user_roles
    ADD CONSTRAINT user_roles_pkey PRIMARY KEY (user_id, role_id);


--
-- Name: users users_pkey; Type: CONSTRAINT; Schema: public; Owner: user
--

ALTER TABLE ONLY public.users
    ADD CONSTRAINT users_pkey PRIMARY KEY (id);


--
-- Name: user_positions fk49ffcx0xclhe2oof19cty66v0; Type: FK CONSTRAINT; Schema: public; Owner: user
--

ALTER TABLE ONLY public.user_positions
    ADD CONSTRAINT fk49ffcx0xclhe2oof19cty66v0 FOREIGN KEY (user_id) REFERENCES public.users(id);


--
-- Name: users fk5u5lw05ea2jdvgkstqdjecge9; Type: FK CONSTRAINT; Schema: public; Owner: user
--

ALTER TABLE ONLY public.users
    ADD CONSTRAINT fk5u5lw05ea2jdvgkstqdjecge9 FOREIGN KEY (assignee_id) REFERENCES public.users(id);


--
-- Name: task_comment fk7kiv45on4bf6my8w8mhefy9jy; Type: FK CONSTRAINT; Schema: public; Owner: user
--

ALTER TABLE ONLY public.task_comment
    ADD CONSTRAINT fk7kiv45on4bf6my8w8mhefy9jy FOREIGN KEY (task_id) REFERENCES public.tasks(id);


--
-- Name: tasks fkekr1dgiqktpyoip3qmp6lxsit; Type: FK CONSTRAINT; Schema: public; Owner: user
--

ALTER TABLE ONLY public.tasks
    ADD CONSTRAINT fkekr1dgiqktpyoip3qmp6lxsit FOREIGN KEY (assignee_id) REFERENCES public.users(id);


--
-- Name: time_entries fkfohb8frbtyjjx7ebqujd0v9tq; Type: FK CONSTRAINT; Schema: public; Owner: user
--

ALTER TABLE ONLY public.time_entries
    ADD CONSTRAINT fkfohb8frbtyjjx7ebqujd0v9tq FOREIGN KEY (task_id) REFERENCES public.tasks(id);


--
-- Name: user_roles fkh8ciramu9cc9q3qcqiv4ue8a6; Type: FK CONSTRAINT; Schema: public; Owner: user
--

ALTER TABLE ONLY public.user_roles
    ADD CONSTRAINT fkh8ciramu9cc9q3qcqiv4ue8a6 FOREIGN KEY (role_id) REFERENCES public.roles(id);


--
-- Name: user_roles fkhfh9dx7w3ubf1co1vdev94g3f; Type: FK CONSTRAINT; Schema: public; Owner: user
--

ALTER TABLE ONLY public.user_roles
    ADD CONSTRAINT fkhfh9dx7w3ubf1co1vdev94g3f FOREIGN KEY (user_id) REFERENCES public.users(id);


--
-- Name: task_comment fko2c4nu60419sd7mn9qexf4cqa; Type: FK CONSTRAINT; Schema: public; Owner: user
--

ALTER TABLE ONLY public.task_comment
    ADD CONSTRAINT fko2c4nu60419sd7mn9qexf4cqa FOREIGN KEY (user_id) REFERENCES public.users(id);


--
-- Name: user_positions fkqieyn6an8qsrf02uvgsieege6; Type: FK CONSTRAINT; Schema: public; Owner: user
--

ALTER TABLE ONLY public.user_positions
    ADD CONSTRAINT fkqieyn6an8qsrf02uvgsieege6 FOREIGN KEY (position_id) REFERENCES public.positions(id);


--
-- Name: tasks fksfhn82y57i3k9uxww1s007acc; Type: FK CONSTRAINT; Schema: public; Owner: user
--

ALTER TABLE ONLY public.tasks
    ADD CONSTRAINT fksfhn82y57i3k9uxww1s007acc FOREIGN KEY (project_id) REFERENCES public.projects(id);


--
-- PostgreSQL database dump complete
--

\unrestrict odSQAcmIF8ckDuc5yWvogD5NutpuYIUEGiONvVUzqHxf955ZeN9KR9LuSGO95hv

